,fips,POPESTIMATE2019,school_closure_date
0,1001,55869,
1,1003,223234,
2,1005,24686,
3,1007,22394,
4,1009,57826,
5,1011,10101,
6,1013,19448,
7,1015,113605,
8,1017,33254,2020-03-20
9,1019,26196,
10,1021,44428,
11,1023,12589,
12,1025,23622,
13,1027,13235,
14,1029,14910,
15,1031,52342,
16,1033,55241,
17,1035,12067,
18,1037,10663,
19,1039,37049,
20,1041,13772,
21,1043,83768,
22,1045,49172,
23,1047,37196,
24,1049,71513,
25,1051,81209,
26,1053,36633,
27,1055,102268,
28,1057,16302,
29,1059,31362,
30,1061,26271,
31,1063,8111,
32,1065,14651,
33,1067,17205,
34,1069,105882,
35,1071,51626,
36,1073,658573,2020-03-16
37,1075,13805,
38,1077,92729,
39,1079,32924,
40,1081,164542,2020-03-16
41,1083,98915,
42,1085,9726,
43,1087,18068,
44,1089,372909,2020-03-16
45,1091,18863,
46,1093,29709,
47,1095,96774,
48,1097,413210,2020-03-17
49,1099,20733,
50,1101,226486,
51,1103,119679,
52,1105,8923,
53,1107,19930,
54,1109,33114,
55,1111,22722,
56,1113,57961,
57,1115,89512,
58,1117,217702,2020-03-16
59,1119,12427,
60,1121,79978,
61,1123,40367,
62,1125,209355,
63,1127,63521,
64,1129,16326,
65,1131,10373,
66,1133,23629,
67,2013,3337,
68,2016,5634,
69,2020,288000,2020-03-16
70,2050,18386,
71,2060,836,
72,2068,2097,
73,2070,4916,
74,2090,96849,
75,2100,2530,
76,2105,2148,
77,2110,31974,
78,2122,58708,
79,2130,13901,
80,2150,12998,
81,2158,8314,
82,2164,1592,
83,2170,108317,
84,2180,10004,
85,2185,9832,
86,2188,7621,
87,2195,3266,
88,2198,6203,
89,2220,8493,
90,2230,1183,
91,2240,6893,
92,2261,9202,
93,2275,2502,
94,2282,579,
95,2290,5230,
96,4001,71887,
97,4003,125922,
98,4005,143476,2020-03-15
99,4007,54018,
100,4009,38837,
101,4011,9498,
102,4012,21108,
103,4013,4485414,2020-03-15
104,4015,212181,
105,4017,110924,2020-03-15
106,4019,1047279,2020-03-15
107,4021,462789,2020-03-15
108,4023,46498,
109,4025,235099,
110,4027,213787,
111,5001,17486,
112,5003,19657,
113,5005,41932,
114,5007,279141,
115,5009,37432,
116,5011,10763,
117,5013,5189,
118,5015,28380,
119,5017,10118,
120,5019,22320,
121,5021,14551,
122,5023,24919,
123,5025,7956,
124,5027,23457,
125,5029,20846,
126,5031,110332,
127,5033,63257,
128,5035,47955,
129,5037,16419,
130,5039,7009,
131,5041,11361,
132,5043,18219,
133,5045,126007,
134,5047,17715,
135,5049,12477,
136,5051,99386,
137,5053,18265,
138,5055,45325,
139,5057,21532,
140,5059,33771,
141,5061,13202,
142,5063,37825,
143,5065,13629,
144,5067,16719,
145,5069,66824,
146,5071,26578,
147,5073,6624,
148,5075,16406,
149,5077,8857,
150,5079,13024,
151,5081,12259,
152,5083,21466,
153,5085,73309,
154,5087,16576,
155,5089,16694,
156,5091,43257,
157,5093,40651,
158,5095,6701,
159,5097,8986,
160,5099,8252,
161,5101,7753,
162,5103,23382,
163,5105,10455,
164,5107,17782,
165,5109,10718,
166,5111,23528,
167,5113,19964,
168,5115,64072,
169,5117,8062,
170,5119,391911,2020-03-13
171,5121,17958,
172,5123,24994,
173,5125,122437,
174,5127,10281,
175,5129,7881,
176,5131,127827,
177,5133,17007,
178,5135,17442,
179,5137,12506,
180,5139,38682,
181,5141,16545,
182,5143,239187,
183,5145,78753,
184,5147,6320,
185,5149,21341,
186,6001,1671329,2020-03-16
187,6003,1129,
188,6005,39752,
189,6007,219186,
190,6009,45905,
191,6011,21547,
192,6013,1153526,2020-03-17
193,6015,27812,
194,6017,192843,
195,6019,999101,2020-03-19
196,6021,28393,
197,6023,135558,
198,6025,181215,
199,6027,18039,
200,6029,900202,2020-03-19
201,6031,152940,
202,6033,64386,
203,6035,30573,
204,6037,10039107,2020-03-19
205,6039,157327,
206,6041,258826,2020-03-16
207,6043,17203,
208,6045,86749,
209,6047,277680,
210,6049,8841,
211,6051,14444,
212,6053,434061,
213,6055,137744,
214,6057,99755,
215,6059,3175692,2020-03-13
216,6061,398329,2020-03-16
217,6063,18807,
218,6065,2470546,2020-03-16
219,6067,1552058,2020-03-16
220,6069,62808,
221,6071,2180085,2020-03-19
222,6073,3338330,2020-03-16
223,6075,881549,2020-03-16
224,6077,762148,2020-03-16
225,6079,283111,2020-03-19
226,6081,766573,2020-03-16
227,6083,446499,2020-03-16
228,6085,1927852,2020-03-17
229,6087,273213,
230,6089,180080,
231,6091,3005,
232,6093,43539,
233,6095,447643,
234,6097,494336,2020-03-14
235,6099,550660,
236,6101,96971,
237,6103,65084,
238,6105,12285,
239,6107,466195,2020-03-19
240,6109,54478,
241,6111,846006,2020-03-16
242,6113,220500,
243,6115,78668,
244,8001,517421,2020-03-20
245,8003,16233,
246,8005,656590,2020-03-23
247,8007,14029,
248,8009,3581,
249,8011,5577,
250,8013,326196,2020-03-23
251,8014,70465,
252,8015,20356,
253,8017,1831,
254,8019,9700,
255,8021,8205,
256,8023,3887,
257,8025,6061,
258,8027,5068,
259,8029,31162,
260,8031,727211,2020-03-16
261,8033,2055,
262,8035,351154,2020-03-16
263,8037,55127,2020-03-16
264,8039,26729,
265,8041,720403,2020-03-16
266,8043,47839,
267,8045,60061,
268,8047,6243,
269,8049,15734,
270,8051,17462,2020-03-16
271,8053,820,
272,8055,6897,
273,8057,1392,
274,8059,582881,2020-03-16
275,8061,1406,
276,8063,7097,
277,8065,8127,
278,8067,56221,
279,8069,356899,2020-03-23
280,8071,14506,
281,8073,5701,
282,8075,22409,
283,8077,154210,
284,8079,769,
285,8081,13283,
286,8083,26183,
287,8085,42758,
288,8087,29068,
289,8089,18278,
290,8091,4952,
291,8093,18845,
292,8095,4265,
293,8097,17767,
294,8099,12172,
295,8101,168424,
296,8103,6324,
297,8105,11267,
298,8107,25638,
299,8109,6824,
300,8111,728,
301,8113,8179,
302,8115,2248,
303,8117,31011,
304,8119,25388,
305,8121,4908,
306,8123,324492,2020-03-13
307,8125,10019,
308,9001,943332,2020-03-15
309,9003,891720,2020-03-15
310,9005,180333,2020-03-15
311,9007,162436,2020-03-15
312,9009,854757,2020-03-15
313,9011,265206,
314,9013,150721,2020-03-15
315,9015,116782,
316,10001,180786,2020-03-23
317,10003,558753,2020-03-23
318,10005,234225,2020-03-23
319,11001,705749,2020-03-16
320,12001,269043,2020-03-16
321,12003,29210,
322,12005,174705,
323,12007,28201,
324,12009,601942,
325,12011,1952778,2020-03-16
326,12013,14105,
327,12015,188910,
328,12017,149657,
329,12019,219252,
330,12021,384902,2020-03-17
331,12023,71686,
332,12027,38001,
333,12029,16826,
334,12031,957755,2020-03-16
335,12033,318316,2020-03-16
336,12035,115081,
337,12037,12125,
338,12039,45660,
339,12041,18582,
340,12043,13811,
341,12045,13639,
342,12047,14428,
343,12049,26937,
344,12051,42022,
345,12053,193920,
346,12055,106221,
347,12057,1471968,2020-03-17
348,12059,19617,
349,12061,159923,
350,12063,46414,
351,12065,14246,
352,12067,8422,
353,12069,367118,2020-03-17
354,12071,770577,2020-03-16
355,12073,293582,
356,12075,41503,
357,12077,8354,
358,12079,18493,
359,12081,403253,2020-03-17
360,12083,365579,
361,12085,161000,
362,12086,2716940,2020-03-17
363,12087,74228,
364,12089,88625,
365,12091,210738,
366,12093,42168,
367,12095,1393452,2020-03-17
368,12097,375751,2020-03-17
369,12099,1496770,2020-03-16
370,12101,553947,2020-03-17
371,12103,974996,2020-03-16
372,12105,724777,2020-03-16
373,12107,74521,
374,12109,264672,2020-03-16
375,12111,328297,
376,12113,184313,
377,12115,433742,2020-03-16
378,12117,471826,2020-03-16
379,12119,132420,
380,12121,44417,
381,12123,21569,
382,12125,15237,
383,12127,553284,2020-03-16
384,12129,33739,
385,12131,74071,
386,12133,25473,
387,13001,18386,
388,13003,8165,
389,13005,11164,
390,13007,3038,
391,13009,44890,
392,13011,19234,
393,13013,83240,
394,13015,107738,2020-03-18
395,13017,16700,
396,13019,19397,
397,13021,153159,
398,13023,12873,
399,13025,19109,
400,13027,15457,
401,13029,39627,
402,13031,79608,
403,13033,22383,
404,13035,24936,
405,13037,6189,
406,13039,54666,
407,13043,10803,
408,13045,119992,2020-03-16
409,13047,67580,
410,13049,13392,
411,13051,289430,
412,13053,10907,
413,13055,24789,
414,13057,258773,2020-03-16
415,13059,128331,
416,13061,2834,
417,13063,292256,2020-03-16
418,13065,6618,
419,13067,760141,2020-03-16
420,13069,43273,
421,13071,45600,
422,13073,156714,
423,13075,17270,
424,13077,148509,
425,13079,12404,
426,13081,22372,
427,13083,16116,
428,13085,26108,
429,13087,26404,
430,13089,759297,2020-03-16
431,13091,20605,
432,13093,13390,
433,13095,87956,2020-03-16
434,13097,146343,2020-03-18
435,13099,10190,
436,13101,4006,
437,13103,64296,
438,13105,19194,
439,13107,22646,
440,13109,10654,
441,13111,26188,
442,13113,114421,
443,13115,98498,
444,13117,244252,
445,13119,23349,
446,13121,1063937,2020-03-13
447,13123,31369,
448,13125,2971,
449,13127,85292,
450,13129,57963,
451,13131,24633,
452,13133,18324,
453,13135,936250,2020-03-16
454,13137,45328,
455,13139,204441,2020-03-16
456,13141,8457,
457,13143,29792,
458,13145,35236,
459,13147,26205,
460,13149,11923,
461,13151,234561,2020-03-16
462,13153,157863,
463,13155,9416,
464,13157,72977,
465,13159,14219,
466,13161,15115,
467,13163,15362,
468,13165,8676,
469,13167,9643,
470,13169,28735,
471,13171,19077,
472,13173,10423,
473,13175,47546,
474,13177,29992,2020-03-16
475,13179,61435,
476,13181,7921,
477,13183,19559,
478,13185,117406,
479,13187,33610,
480,13189,21312,
481,13191,14378,
482,13193,12947,
483,13195,29880,
484,13197,8359,
485,13199,21167,
486,13201,5718,
487,13205,21863,
488,13207,27578,
489,13209,9172,
490,13211,19276,
491,13213,40096,
492,13215,195769,
493,13217,111744,
494,13219,40280,
495,13221,15259,
496,13223,168667,
497,13225,27546,
498,13227,32591,
499,13229,19465,
500,13231,18962,
501,13233,42613,
502,13235,11137,
503,13237,22119,
504,13239,2299,
505,13241,17137,
506,13243,6778,
507,13245,202518,
508,13247,90896,
509,13249,5257,
510,13251,13966,
511,13253,8090,
512,13255,66703,
513,13257,25925,
514,13259,6621,
515,13261,29524,
516,13263,6195,
517,13265,1537,
518,13267,25286,
519,13269,8020,
520,13271,15860,
521,13273,8531,
522,13275,44451,
523,13277,40644,
524,13279,26830,
525,13281,12037,
526,13283,6901,
527,13285,69922,
528,13287,7985,
529,13289,8120,
530,13291,24511,
531,13293,26320,
532,13295,69761,
533,13297,94593,
534,13299,35734,
535,13301,5254,
536,13303,20374,
537,13305,29927,
538,13307,2607,
539,13309,7855,
540,13311,30798,
541,13313,104628,
542,13315,8635,
543,13317,9777,
544,13319,8954,
545,13321,20247,
546,15001,201513,
547,15003,974563,2020-03-16
548,15005,86,
549,15007,72293,
550,15009,167417,
551,16001,481587,2020-03-23
552,16003,4294,
553,16005,87808,
554,16007,6125,
555,16009,9298,
556,16011,46811,
557,16013,23021,2020-03-23
558,16015,7831,
559,16017,45739,
560,16019,119062,
561,16021,12245,
562,16023,2597,
563,16025,1106,
564,16027,229849,2020-03-23
565,16029,7155,
566,16031,24030,
567,16033,845,
568,16035,8756,
569,16037,4315,
570,16039,27511,
571,16041,13876,
572,16043,13099,
573,16045,18112,
574,16047,15179,
575,16049,16667,
576,16051,29871,
577,16053,24412,
578,16055,165697,
579,16057,40108,
580,16059,8027,
581,16061,3838,
582,16063,5366,
583,16065,39907,
584,16067,21039,
585,16069,40408,
586,16071,4531,
587,16073,11823,
588,16075,23951,
589,16077,7681,
590,16079,12882,
591,16081,12142,
592,16083,86878,
593,16085,11392,
594,16087,10194,
595,17001,65435,
596,17003,5761,
597,17005,16426,
598,17007,53544,
599,17009,6578,
600,17011,32628,
601,17013,4739,
602,17015,14305,
603,17017,12147,
604,17019,209689,
605,17021,32304,
606,17023,15441,
607,17025,13184,
608,17027,37562,
609,17029,50621,
610,17031,5150233,2020-03-17
611,17033,18667,
612,17035,10766,
613,17037,104897,
614,17039,15638,
615,17041,19465,
616,17043,922921,2020-03-17
617,17045,17161,
618,17047,6395,
619,17049,34008,
620,17051,21336,
621,17053,12961,
622,17055,38469,
623,17057,34340,
624,17059,4828,
625,17061,12969,
626,17063,51054,
627,17065,8116,
628,17067,17708,
629,17069,3821,
630,17071,6646,
631,17073,48913,
632,17075,27114,
633,17077,56750,
634,17079,9610,
635,17081,37684,
636,17083,21773,
637,17085,21235,
638,17087,12417,
639,17089,532403,2020-03-17
640,17091,109862,
641,17093,128990,
642,17095,49699,
643,17097,696535,2020-03-17
644,17099,108669,
645,17101,15678,
646,17103,34096,
647,17105,35648,
648,17107,28618,
649,17109,29682,
650,17111,307774,2020-03-17
651,17113,171517,
652,17115,104009,
653,17117,44926,
654,17119,262966,
655,17121,37205,
656,17123,11438,
657,17125,13359,
658,17127,13772,
659,17129,12196,
660,17131,15437,
661,17133,34637,
662,17135,28414,
663,17137,33658,
664,17139,14501,
665,17141,50643,
666,17143,179179,
667,17145,20916,
668,17147,16344,
669,17149,15561,
670,17151,4177,
671,17153,5335,
672,17155,5739,
673,17157,31782,
674,17159,15513,
675,17161,141879,
676,17163,259686,2020-03-17
677,17165,23491,
678,17167,194672,
679,17169,6768,
680,17171,4951,
681,17173,21634,
682,17175,5342,
683,17177,44498,
684,17179,131803,
685,17181,16653,
686,17183,75758,
687,17185,11520,
688,17187,16844,
689,17189,13887,
690,17191,16215,
691,17193,13537,
692,17195,55175,
693,17197,690743,2020-03-17
694,17199,66597,
695,17201,282572,
696,17203,38459,
697,18001,35777,
698,18003,379299,
699,18005,83779,
700,18007,8748,
701,18009,11758,
702,18011,67843,
703,18013,15092,
704,18015,20257,
705,18017,37689,
706,18019,118302,
707,18021,26225,
708,18023,32399,
709,18025,10577,
710,18027,33351,
711,18029,49458,
712,18031,26559,
713,18033,43475,
714,18035,114135,
715,18037,42736,
716,18039,206341,
717,18041,23102,
718,18043,78522,
719,18045,16346,
720,18047,22758,
721,18049,19974,
722,18051,33659,
723,18053,65769,
724,18055,31922,
725,18057,338011,2020-03-16
726,18059,78168,
727,18061,40515,
728,18063,170311,2020-03-16
729,18065,47972,
730,18067,82544,
731,18069,36520,
732,18071,44231,
733,18073,33562,
734,18075,20436,
735,18077,32308,
736,18079,27735,
737,18081,158167,2020-03-16
738,18083,36594,
739,18085,79456,
740,18087,39614,
741,18089,485493,2020-03-13
742,18091,109888,
743,18093,45370,
744,18095,129569,2020-03-19
745,18097,964582,2020-03-16
746,18099,46258,
747,18101,10255,
748,18103,35516,
749,18105,148431,
750,18107,38338,
751,18109,70489,
752,18111,13984,
753,18113,47744,
754,18115,5875,
755,18117,19646,
756,18119,20799,
757,18121,16937,
758,18123,19169,
759,18125,12389,
760,18127,170389,
761,18129,25427,
762,18131,12353,
763,18133,37576,
764,18135,24665,
765,18137,28324,
766,18139,16581,
767,18141,271826,2020-03-19
768,18143,23873,
769,18145,44729,
770,18147,20277,
771,18149,22995,
772,18151,34594,
773,18153,20669,
774,18155,10751,
775,18157,195732,
776,18159,15148,
777,18161,7054,
778,18163,181451,
779,18165,15498,
780,18167,107038,
781,18169,30996,
782,18171,8265,
783,18173,62998,
784,18175,28036,
785,18177,65884,
786,18179,28296,
787,18181,24102,
788,18183,33964,
789,19001,7152,
790,19003,3602,
791,19005,13687,
792,19007,12426,
793,19009,5496,
794,19011,25645,
795,19013,131228,
796,19015,26234,
797,19017,25062,
798,19019,21175,
799,19021,19620,
800,19023,14439,
801,19025,9668,
802,19027,20165,
803,19029,12836,
804,19031,18627,
805,19033,42450,
806,19035,11235,
807,19037,11933,
808,19039,9395,
809,19041,16016,
810,19043,17549,
811,19045,46429,
812,19047,16820,
813,19049,93453,
814,19051,9000,
815,19053,7870,
816,19055,17011,
817,19057,38967,
818,19059,17258,
819,19061,97311,
820,19063,9208,
821,19065,19650,
822,19067,15642,
823,19069,10070,
824,19071,6960,
825,19073,8888,
826,19075,12232,
827,19077,10689,
828,19079,14773,
829,19081,10630,
830,19083,16846,
831,19085,14049,
832,19087,19954,
833,19089,9158,
834,19091,9558,
835,19093,6860,
836,19095,16184,
837,19097,19439,
838,19099,37185,
839,19101,18295,
840,19103,151140,2020-03-16
841,19105,20681,
842,19107,10246,
843,19109,14813,
844,19111,33657,
845,19113,226706,2020-03-12
846,19115,11035,
847,19117,8600,
848,19119,11755,
849,19121,16338,
850,19123,22095,
851,19125,33253,
852,19127,39369,
853,19129,15109,
854,19131,10586,
855,19133,8615,
856,19135,7707,
857,19137,9917,
858,19139,42664,
859,19141,13753,
860,19143,5958,
861,19145,15107,
862,19147,8886,
863,19149,25177,
864,19151,6619,
865,19153,490161,2020-03-16
866,19155,93206,
867,19157,18504,
868,19159,4894,
869,19161,9721,
870,19163,172943,
871,19165,11454,
872,19167,34855,
873,19169,97117,
874,19171,16854,
875,19173,6121,
876,19175,12241,
877,19177,7044,
878,19179,34969,
879,19181,51466,
880,19183,21965,
881,19185,6441,
882,19187,35904,
883,19189,10354,
884,19191,19991,
885,19193,103107,
886,19195,7381,
887,19197,12562,
888,20001,12369,
889,20003,7858,
890,20005,16073,
891,20007,4427,
892,20009,25779,
893,20011,14534,
894,20013,9564,
895,20015,66911,
896,20017,2648,
897,20019,3250,
898,20021,19939,
899,20023,2657,
900,20025,1994,
901,20027,8002,
902,20029,8786,
903,20031,8179,
904,20033,1700,
905,20035,34908,
906,20037,38818,
907,20039,2827,
908,20041,18466,
909,20043,7600,
910,20045,122259,
911,20047,2798,
912,20049,2530,
913,20051,28553,
914,20053,6102,
915,20055,36467,
916,20057,33619,
917,20059,25544,
918,20061,31670,
919,20063,2636,
920,20065,2482,
921,20067,7150,
922,20069,5988,
923,20071,1232,
924,20073,5982,
925,20075,2539,
926,20077,5436,
927,20079,34429,
928,20081,3968,
929,20083,1794,
930,20085,13171,
931,20087,19043,
932,20089,2879,
933,20091,602401,2020-03-16
934,20093,3838,
935,20095,7152,
936,20097,2475,
937,20099,19618,
938,20101,1535,
939,20103,81758,
940,20105,2962,
941,20107,9703,
942,20109,2794,
943,20111,33195,
944,20113,28542,
945,20115,11884,
946,20117,9707,
947,20119,4033,
948,20121,34237,
949,20123,5979,
950,20125,31829,
951,20127,5620,
952,20129,2587,
953,20131,10231,
954,20133,16007,
955,20135,2750,
956,20137,5361,
957,20139,15949,
958,20141,3421,
959,20143,5704,
960,20145,6414,
961,20147,5234,
962,20149,24383,
963,20151,9164,
964,20153,2530,
965,20155,61998,
966,20157,4636,
967,20159,9537,
968,20161,74232,
969,20163,4920,
970,20165,3036,
971,20167,6856,
972,20169,54224,
973,20171,4823,
974,20173,516042,2020-03-17
975,20175,21428,
976,20177,176875,
977,20179,2521,
978,20181,5917,
979,20183,3583,
980,20185,4156,
981,20187,2006,
982,20189,5485,
983,20191,22836,
984,20193,7777,
985,20195,2803,
986,20197,6931,
987,20199,1518,
988,20201,5406,
989,20203,2119,
990,20205,8525,
991,20207,3138,
992,20209,165429,2020-03-17
993,21001,19202,
994,21003,21315,
995,21005,22747,
996,21007,7888,
997,21009,44249,
998,21011,12500,
999,21013,26032,
1000,21015,133581,
1001,21017,19788,
1002,21019,46718,
1003,21021,30060,
1004,21023,8303,
1005,21025,12630,
1006,21027,20477,
1007,21029,81676,
1008,21031,12879,
1009,21033,12747,
1010,21035,39001,
1011,21037,93584,
1012,21039,4760,
1013,21041,10631,
1014,21043,26797,
1015,21045,16159,
1016,21047,70461,
1017,21049,36263,
1018,21051,19901,
1019,21053,10218,
1020,21055,8806,
1021,21057,6614,
1022,21059,101511,
1023,21061,12150,
1024,21063,7517,
1025,21065,14106,
1026,21067,323152,2020-03-16
1027,21069,14581,
1028,21071,35589,
1029,21073,50991,
1030,21075,5969,
1031,21077,8869,
1032,21079,17666,
1033,21081,25069,
1034,21083,37266,
1035,21085,26427,
1036,21087,10941,
1037,21089,35098,
1038,21091,8722,
1039,21093,110958,
1040,21095,26010,
1041,21097,18886,
1042,21099,19035,
1043,21101,45210,
1044,21103,16126,
1045,21105,4380,
1046,21107,44686,
1047,21109,13329,
1048,21111,766757,2020-03-16
1049,21113,54115,
1050,21115,22188,
1051,21117,166998,
1052,21119,14806,
1053,21121,31145,
1054,21123,14398,
1055,21125,60813,
1056,21127,15317,
1057,21129,7403,
1058,21131,9877,
1059,21133,21553,
1060,21135,13275,
1061,21137,24549,
1062,21139,9194,
1063,21141,27102,
1064,21143,8210,
1065,21145,65418,
1066,21147,17231,
1067,21149,9207,
1068,21151,92987,
1069,21153,12161,
1070,21155,19273,
1071,21157,31100,
1072,21159,11195,
1073,21161,17070,
1074,21163,28572,
1075,21165,6489,
1076,21167,21933,
1077,21169,10071,
1078,21171,10650,
1079,21173,28157,
1080,21175,13309,
1081,21177,30622,
1082,21179,46233,
1083,21181,7269,
1084,21183,23994,
1085,21185,66799,
1086,21187,10901,
1087,21189,4415,
1088,21191,14590,
1089,21193,25758,
1090,21195,57876,
1091,21197,12359,
1092,21199,64979,
1093,21201,2108,
1094,21203,16695,
1095,21205,24460,
1096,21207,17923,
1097,21209,57004,
1098,21211,49024,
1099,21213,18572,
1100,21215,19351,
1101,21217,25769,
1102,21219,12294,
1103,21221,14651,
1104,21223,8471,
1105,21225,14381,
1106,21227,132896,
1107,21229,12095,
1108,21231,20333,
1109,21233,12942,
1110,21235,36264,
1111,21237,7157,
1112,21239,26734,
1113,22001,62045,
1114,22003,25627,
1115,22005,126604,2020-03-13
1116,22007,21891,
1117,22009,40144,
1118,22011,37497,
1119,22013,13241,
1120,22015,127039,2020-03-13
1121,22017,240204,2020-03-13
1122,22019,203436,2020-03-13
1123,22021,9918,
1124,22023,6973,
1125,22025,9494,
1126,22027,15670,
1127,22029,19259,
1128,22031,27463,
1129,22033,440059,2020-03-13
1130,22035,6861,
1131,22037,19135,
1132,22039,33395,
1133,22041,20015,
1134,22043,22389,
1135,22045,69830,
1136,22047,32511,2020-03-13
1137,22049,15744,
1138,22051,432493,2020-03-13
1139,22053,31368,
1140,22055,244390,2020-03-13
1141,22057,97614,2020-03-13
1142,22059,14892,
1143,22061,46742,
1144,22063,140789,
1145,22065,10951,
1146,22067,24874,
1147,22069,38158,
1148,22071,390144,2020-03-13
1149,22073,153279,2020-03-13
1150,22075,23197,2020-03-13
1151,22077,21730,
1152,22079,129648,2020-03-13
1153,22081,8442,
1154,22083,20122,
1155,22085,23884,
1156,22087,47244,2020-03-13
1157,22089,53100,2020-03-13
1158,22091,10132,
1159,22093,21096,2020-03-13
1160,22095,42837,2020-03-13
1161,22097,82124,
1162,22099,53431,
1163,22101,49348,
1164,22103,260419,2020-03-13
1165,22105,134758,2020-03-13
1166,22107,4334,
1167,22109,110461,2020-03-13
1168,22111,22108,
1169,22113,59511,
1170,22115,47429,
1171,22117,46194,
1172,22119,38340,
1173,22121,26465,
1174,22123,10830,
1175,22125,15568,
1176,22127,13904,
1177,23001,108277,
1178,23003,67055,
1179,23005,295003,2020-04-02
1180,23007,30199,
1181,23009,54987,
1182,23011,122302,
1183,23013,39772,
1184,23015,34634,
1185,23017,57975,
1186,23019,152148,
1187,23021,16785,
1188,23023,35856,
1189,23025,50484,
1190,23027,39715,
1191,23029,31379,
1192,23031,207641,2020-04-02
1193,24001,70416,
1194,24003,579234,2020-03-16
1195,24005,827370,2020-03-16
1196,24009,92525,
1197,24011,33406,
1198,24013,168447,2020-03-16
1199,24015,102855,
1200,24017,163257,2020-03-16
1201,24019,31929,
1202,24021,259547,2020-03-16
1203,24023,29014,
1204,24025,255441,
1205,24027,325690,2020-03-16
1206,24029,19422,
1207,24031,1050688,2020-03-16
1208,24033,909327,2020-03-16
1209,24035,50381,
1210,24037,113510,
1211,24039,25616,
1212,24041,37181,
1213,24043,151049,
1214,24045,103609,
1215,24047,52276,
1216,24510,593490,2020-03-16
1217,25001,212990,2020-03-17
1218,25003,124944,2020-03-16
1219,25005,565217,2020-03-17
1220,25007,17332,
1221,25009,789034,2020-03-17
1222,25011,70180,2020-03-17
1223,25013,466372,2020-03-16
1224,25015,160830,2020-03-17
1225,25017,1611699,2020-03-17
1226,25019,11399,
1227,25021,706775,2020-03-16
1228,25023,521202,2020-03-16
1229,25025,803907,2020-03-16
1230,25027,830622,2020-03-13
1231,26001,10405,
1232,26003,9108,
1233,26005,118081,
1234,26007,28405,
1235,26009,23324,
1236,26011,14883,
1237,26013,8209,
1238,26015,61550,
1239,26017,103126,
1240,26019,17766,
1241,26021,153401,
1242,26023,43517,
1243,26025,134159,
1244,26027,51787,
1245,26029,26143,
1246,26031,25276,
1247,26033,37349,
1248,26035,30950,
1249,26037,79595,
1250,26039,14029,
1251,26041,35784,
1252,26043,25239,
1253,26045,110268,
1254,26047,33415,
1255,26049,405813,2020-03-16
1256,26051,25449,
1257,26053,13975,
1258,26055,93088,
1259,26057,40711,
1260,26059,45605,
1261,26061,35684,
1262,26063,30981,
1263,26065,292406,2020-03-16
1264,26067,64697,
1265,26069,25127,
1266,26071,11066,
1267,26073,69872,
1268,26075,158510,2020-03-16
1269,26077,265066,
1270,26079,18038,
1271,26081,656955,2020-03-16
1272,26083,2116,
1273,26085,11853,
1274,26087,87607,
1275,26089,21761,
1276,26091,98451,
1277,26093,191995,2020-03-16
1278,26095,6229,
1279,26097,10799,
1280,26099,873972,2020-03-16
1281,26101,24558,
1282,26103,66699,
1283,26105,29144,
1284,26107,43453,
1285,26109,22780,
1286,26111,83156,
1287,26113,15118,
1288,26115,150500,2020-03-16
1289,26117,63888,
1290,26119,9328,
1291,26121,173566,
1292,26123,48980,
1293,26125,1257584,2020-03-16
1294,26127,26467,
1295,26129,20997,
1296,26131,5720,
1297,26133,23460,
1298,26135,8241,
1299,26137,24668,
1300,26139,291830,
1301,26141,12592,
1302,26143,24019,
1303,26145,190539,2020-03-16
1304,26147,159128,2020-03-16
1305,26149,60964,
1306,26151,41170,
1307,26153,8094,
1308,26155,68122,
1309,26157,52245,
1310,26159,75677,
1311,26161,367601,2020-03-16
1312,26163,1749343,2020-03-16
1313,26165,33631,
1314,27001,15886,
1315,27003,356921,
1316,27005,34423,
1317,27007,47188,
1318,27009,40889,
1319,27011,4991,
1320,27013,67653,
1321,27015,25008,
1322,27017,35871,
1323,27019,105089,
1324,27021,29779,
1325,27023,11800,
1326,27025,56579,
1327,27027,64222,
1328,27029,8818,
1329,27031,5463,
1330,27033,11196,
1331,27035,65055,
1332,27037,429021,
1333,27039,20934,
1334,27041,38141,
1335,27043,13653,
1336,27045,21067,
1337,27047,30281,
1338,27049,46340,
1339,27051,5972,
1340,27053,1265843,2020-03-18
1341,27055,18600,
1342,27057,21491,
1343,27059,40596,
1344,27061,45130,
1345,27063,9846,
1346,27065,16337,
1347,27067,43199,
1348,27069,4298,
1349,27071,12229,
1350,27073,6623,
1351,27075,10641,
1352,27077,3740,
1353,27079,28887,
1354,27081,5639,
1355,27083,25474,
1356,27085,35893,
1357,27087,5527,
1358,27089,9336,
1359,27091,19683,
1360,27093,23222,
1361,27095,26277,
1362,27097,33386,
1363,27099,40062,
1364,27101,8194,
1365,27103,34274,
1366,27105,21629,
1367,27107,6375,
1368,27109,158293,2020-03-18
1369,27111,58746,
1370,27113,14119,
1371,27115,29579,
1372,27117,9126,
1373,27119,31364,
1374,27121,11249,
1375,27123,550321,2020-03-18
1376,27125,4055,
1377,27127,15170,
1378,27129,14548,
1379,27131,66972,
1380,27133,9315,
1381,27135,15165,
1382,27137,199070,
1383,27139,149013,
1384,27141,97238,
1385,27143,14865,
1386,27145,161075,
1387,27147,36649,
1388,27149,9805,
1389,27151,9266,
1390,27153,24664,
1391,27155,3259,
1392,27157,21627,
1393,27159,13682,
1394,27161,18612,
1395,27163,262440,
1396,27165,10897,
1397,27167,6207,
1398,27169,50484,
1399,27171,138377,
1400,27173,9709,
1401,28001,30693,
1402,28003,36953,
1403,28005,12297,
1404,28007,18174,
1405,28009,8259,
1406,28011,30628,
1407,28013,14361,
1408,28015,9947,
1409,28017,17103,
1410,28019,8210,
1411,28021,8988,
1412,28023,15541,
1413,28025,19316,
1414,28027,22124,
1415,28029,28065,
1416,28031,18636,
1417,28033,184945,2020-03-16
1418,28035,74897,
1419,28037,7713,
1420,28039,24500,
1421,28041,13586,
1422,28043,20758,
1423,28045,47632,
1424,28047,208080,
1425,28049,231840,2020-03-16
1426,28051,17010,
1427,28053,8064,
1428,28055,1327,
1429,28057,23390,
1430,28059,143617,2020-03-16
1431,28061,16383,
1432,28063,6990,
1433,28065,11128,
1434,28067,68098,
1435,28069,9742,
1436,28071,54019,
1437,28073,63343,
1438,28075,74125,
1439,28077,12586,
1440,28079,22786,
1441,28081,85436,
1442,28083,28183,
1443,28085,34153,
1444,28087,58595,
1445,28089,106272,
1446,28091,24573,
1447,28093,35294,
1448,28095,35252,
1449,28097,9775,
1450,28099,29118,
1451,28101,21018,
1452,28103,10417,
1453,28105,49587,
1454,28107,34192,
1455,28109,55535,
1456,28111,11973,
1457,28113,39288,
1458,28115,32174,
1459,28117,25126,
1460,28119,6792,
1461,28121,155271,
1462,28123,28124,
1463,28125,4321,
1464,28127,26658,
1465,28129,15916,
1466,28131,18336,
1467,28133,25110,
1468,28135,13809,
1469,28137,28321,
1470,28139,22015,
1471,28141,19383,
1472,28143,9632,
1473,28145,28815,
1474,28147,14286,
1475,28149,45381,
1476,28151,43909,
1477,28153,20183,
1478,28155,9689,
1479,28157,8630,
1480,28159,17955,
1481,28161,12108,
1482,28163,29690,
1483,29001,25343,
1484,29003,17712,
1485,29005,5143,
1486,29007,25388,
1487,29009,35789,
1488,29011,11754,
1489,29013,16172,
1490,29015,19443,
1491,29017,12133,
1492,29019,180463,
1493,29021,87364,
1494,29023,42478,
1495,29025,9020,
1496,29027,44743,
1497,29029,46305,
1498,29031,78871,
1499,29033,8679,
1500,29035,5982,
1501,29037,105780,
1502,29039,14349,
1503,29041,7426,
1504,29043,88595,
1505,29045,6797,
1506,29047,249948,
1507,29049,20387,
1508,29051,76745,
1509,29053,17709,
1510,29055,23920,
1511,29057,7561,
1512,29059,16878,
1513,29061,8278,
1514,29063,12547,
1515,29065,15573,
1516,29067,13185,
1517,29069,29131,
1518,29071,103967,
1519,29073,14706,
1520,29075,6571,
1521,29077,293086,
1522,29079,9850,
1523,29081,8352,
1524,29083,21824,
1525,29085,9544,
1526,29087,4403,
1527,29089,10001,
1528,29091,40117,
1529,29093,10125,
1530,29095,703011,2020-03-23
1531,29097,121328,
1532,29099,225081,
1533,29101,54062,
1534,29103,3959,
1535,29105,35723,
1536,29107,32708,
1537,29109,38355,
1538,29111,9776,
1539,29113,59013,
1540,29115,11920,
1541,29117,15227,
1542,29119,22837,
1543,29121,15117,
1544,29123,12088,
1545,29125,8697,
1546,29127,28530,
1547,29129,3617,
1548,29131,25619,
1549,29133,13180,
1550,29135,16132,
1551,29137,8644,
1552,29139,11551,
1553,29141,20627,
1554,29143,17076,
1555,29145,58236,
1556,29147,22092,
1557,29149,10529,
1558,29151,13615,
1559,29153,9174,
1560,29155,15805,
1561,29157,19136,
1562,29159,42339,
1563,29161,44573,
1564,29163,18302,
1565,29165,104418,
1566,29167,32149,
1567,29169,52607,
1568,29171,4696,
1569,29173,10309,
1570,29175,24748,
1571,29177,23018,
1572,29179,6270,
1573,29181,13288,
1574,29183,402022,2020-03-23
1575,29185,9397,
1576,29186,17894,
1577,29187,67215,
1578,29189,994205,2020-03-18
1579,29195,22761,
1580,29197,4660,
1581,29199,4902,
1582,29201,38280,
1583,29203,8166,
1584,29205,5930,
1585,29207,29025,
1586,29209,31952,
1587,29211,6089,
1588,29213,55928,
1589,29215,25398,
1590,29217,20563,
1591,29219,35649,
1592,29221,24730,
1593,29223,12873,
1594,29225,39592,
1595,29227,2013,
1596,29229,18289,
1597,29510,300576,2020-03-18
1598,30001,9453,
1599,30003,13319,
1600,30005,6681,
1601,30007,6237,
1602,30009,10725,
1603,30011,1252,
1604,30013,81366,
1605,30015,5635,
1606,30017,11402,
1607,30019,1690,
1608,30021,8613,
1609,30023,9140,
1610,30025,2846,
1611,30027,11050,
1612,30029,103806,
1613,30031,114434,2020-03-15
1614,30033,1258,
1615,30035,13753,
1616,30037,821,
1617,30039,3379,
1618,30041,16484,
1619,30043,12221,
1620,30045,2007,
1621,30047,30458,
1622,30049,69432,
1623,30051,2337,
1624,30053,19980,
1625,30055,1664,
1626,30057,8600,
1627,30059,1862,
1628,30061,4397,
1629,30063,119600,
1630,30065,4633,
1631,30067,16606,
1632,30069,487,
1633,30071,3954,
1634,30073,5911,
1635,30075,1682,
1636,30077,6890,
1637,30079,1077,
1638,30081,43806,
1639,30083,10803,
1640,30085,11004,
1641,30087,8937,
1642,30089,12113,
1643,30091,3309,
1644,30093,34915,
1645,30095,9642,
1646,30097,3737,
1647,30099,6147,
1648,30101,4736,
1649,30103,696,
1650,30105,7396,
1651,30107,2126,
1652,30109,969,
1653,30111,161300,
1654,31001,31363,
1655,31003,6298,
1656,31005,463,
1657,31007,745,
1658,31009,465,
1659,31011,5192,
1660,31013,10783,
1661,31015,1919,
1662,31017,2955,
1663,31019,49659,
1664,31021,6459,
1665,31023,8016,
1666,31025,26248,
1667,31027,8402,
1668,31029,3924,
1669,31031,5689,
1670,31033,8910,
1671,31035,6203,
1672,31037,10709,
1673,31039,8846,
1674,31041,10777,
1675,31043,20026,
1676,31045,8589,
1677,31047,23595,
1678,31049,1794,
1679,31051,5636,
1680,31053,36565,
1681,31055,571327,2020-03-16
1682,31057,1693,
1683,31059,5462,
1684,31061,2979,
1685,31063,2627,
1686,31065,4676,
1687,31067,21513,
1688,31069,1837,
1689,31071,1969,
1690,31073,1990,
1691,31075,623,
1692,31077,2356,
1693,31079,61353,
1694,31081,9324,
1695,31083,3380,
1696,31085,922,
1697,31087,2762,
1698,31089,10067,
1699,31091,682,
1700,31093,6445,
1701,31095,7046,
1702,31097,5071,
1703,31099,6495,
1704,31101,8034,
1705,31103,806,
1706,31105,3632,
1707,31107,8332,
1708,31109,319090,
1709,31111,34914,
1710,31113,748,
1711,31115,664,
1712,31117,494,
1713,31119,35099,
1714,31121,7755,
1715,31123,4642,
1716,31125,3519,
1717,31127,6972,
1718,31129,4148,
1719,31131,16012,
1720,31133,2613,
1721,31135,2891,
1722,31137,9034,
1723,31139,7148,
1724,31141,33470,
1725,31143,5213,
1726,31145,10724,
1727,31147,7865,
1728,31149,1357,
1729,31151,14224,
1730,31153,187196,
1731,31155,21578,
1732,31157,35618,
1733,31159,17284,
1734,31161,5246,
1735,31163,3001,
1736,31165,1166,
1737,31167,5920,
1738,31169,5003,
1739,31171,722,
1740,31173,7224,
1741,31175,4158,
1742,31177,20729,
1743,31179,9385,
1744,31181,3487,
1745,31183,783,
1746,31185,13679,
1747,32001,24909,
1748,32003,2266715,2020-03-16
1749,32005,48905,
1750,32007,52778,
1751,32009,873,
1752,32011,2029,
1753,32013,16831,
1754,32015,5532,
1755,32017,5183,
1756,32019,57510,
1757,32021,4505,
1758,32023,46523,
1759,32027,6725,
1760,32029,4123,
1761,32031,471519,2020-03-16
1762,32033,9580,
1763,32510,55916,
1764,33001,61303,
1765,33003,48910,
1766,33005,76085,
1767,33007,31563,
1768,33009,89886,
1769,33011,417025,2020-03-16
1770,33013,151391,
1771,33015,309769,2020-03-16
1772,33017,130633,
1773,33019,43146,
1774,34001,263670,2020-03-18
1775,34003,932202,2020-03-18
1776,34005,445349,2020-03-16
1777,34007,506471,2020-03-18
1778,34009,92039,
1779,34011,149527,
1780,34013,798975,2020-03-18
1781,34015,291636,2020-03-18
1782,34017,672391,2020-03-16
1783,34019,124371,2020-03-18
1784,34021,367430,2020-03-16
1785,34023,825062,2020-03-18
1786,34025,618795,2020-03-18
1787,34027,491845,2020-03-18
1788,34029,607186,2020-03-18
1789,34031,501826,2020-03-13
1790,34033,62385,
1791,34035,328934,2020-03-18
1792,34037,140488,2020-03-18
1793,34039,556341,2020-03-18
1794,34041,105267,2020-03-16
1795,35001,679121,2020-03-16
1796,35003,3527,
1797,35005,64615,
1798,35006,26675,
1799,35007,11941,
1800,35009,48954,
1801,35011,1748,
1802,35013,218195,
1803,35015,58460,
1804,35017,26998,
1805,35019,4300,
1806,35021,625,
1807,35023,4198,
1808,35025,71070,
1809,35027,19572,
1810,35028,19369,
1811,35029,23709,
1812,35031,71367,
1813,35033,4521,
1814,35035,67490,
1815,35037,8253,
1816,35039,38921,
1817,35041,18500,
1818,35043,146748,2020-03-16
1819,35045,123958,2020-03-16
1820,35047,27277,
1821,35049,150358,
1822,35051,10791,
1823,35053,16637,
1824,35055,32723,
1825,35057,15461,
1826,35059,4059,
1827,35061,76688,
1828,36001,305506,2020-03-18
1829,36003,46091,
1830,36005,1418207,
1831,36007,190488,
1832,36009,76117,
1833,36011,76576,
1834,36013,126903,
1835,36015,83456,
1836,36017,47207,
1837,36019,80485,
1838,36021,59461,
1839,36023,47581,
1840,36025,44135,
1841,36027,294218,2020-03-16
1842,36029,918702,2020-03-18
1843,36031,36885,
1844,36033,50022,
1845,36035,53383,
1846,36037,57280,
1847,36039,47188,
1848,36041,4416,
1849,36043,61319,
1850,36045,109834,
1851,36047,2559903,
1852,36049,26296,
1853,36051,62914,
1854,36053,70941,2020-03-18
1855,36055,741770,2020-03-18
1856,36057,49221,
1857,36059,1356924,2020-03-16
1858,36061,1628706,2020-03-16
1859,36063,209281,2020-03-16
1860,36065,228671,2020-03-16
1861,36067,460528,2020-03-18
1862,36069,109777,
1863,36071,384940,2020-03-18
1864,36073,40352,
1865,36075,117124,
1866,36077,59493,
1867,36079,98320,2020-03-16
1868,36081,2253858,
1869,36083,158714,
1870,36085,476143,
1871,36087,325789,2020-03-17
1872,36089,107740,
1873,36091,229863,2020-03-18
1874,36093,155299,2020-03-18
1875,36095,30999,
1876,36097,17807,
1877,36099,34016,
1878,36101,95379,
1879,36103,1476601,2020-03-16
1880,36105,75432,2020-03-15
1881,36107,48203,
1882,36109,102180,2020-03-16
1883,36111,177573,2020-03-16
1884,36113,63944,
1885,36115,61204,
1886,36117,89918,
1887,36119,967506,2020-03-18
1888,36121,39859,
1889,36123,24913,
1890,37001,169509,
1891,37003,37497,
1892,37005,11137,
1893,37007,24446,
1894,37009,27203,
1895,37011,17557,
1896,37013,46994,
1897,37015,18947,
1898,37017,32722,
1899,37019,142820,
1900,37021,261191,
1901,37023,90485,
1902,37025,216453,
1903,37027,82178,
1904,37029,10867,
1905,37031,69473,
1906,37033,22604,
1907,37035,159551,
1908,37037,74470,
1909,37039,28612,
1910,37041,13943,
1911,37043,11231,
1912,37045,97947,
1913,37047,55508,
1914,37049,102139,
1915,37051,335509,
1916,37053,27763,
1917,37055,37009,
1918,37057,167609,
1919,37059,42846,
1920,37061,58741,
1921,37063,321488,2020-03-16
1922,37065,51472,
1923,37067,382295,2020-03-16
1924,37069,69685,
1925,37071,224529,
1926,37073,11562,
1927,37075,8441,
1928,37077,60443,
1929,37079,21069,
1930,37081,537174,2020-03-16
1931,37083,50010,
1932,37085,135976,
1933,37087,62317,
1934,37089,117417,
1935,37091,23677,
1936,37093,55234,
1937,37095,4937,
1938,37097,181806,
1939,37099,43938,
1940,37101,209339,
1941,37103,9419,
1942,37105,61779,
1943,37107,55949,
1944,37109,86111,
1945,37111,45756,
1946,37113,35858,
1947,37115,21755,
1948,37117,22440,
1949,37119,1110356,2020-03-16
1950,37121,14964,
1951,37123,27173,
1952,37125,100880,
1953,37127,94298,
1954,37129,234473,
1955,37131,19483,
1956,37133,197938,
1957,37135,148476,
1958,37137,12726,
1959,37139,39824,
1960,37141,63060,
1961,37143,13463,
1962,37145,39490,
1963,37147,180742,
1964,37149,20724,
1965,37151,143667,
1966,37153,44829,
1967,37155,130625,
1968,37157,91010,
1969,37159,142088,
1970,37161,67029,
1971,37163,63531,
1972,37165,34823,
1973,37167,62806,
1974,37169,45591,
1975,37171,71783,
1976,37173,14271,
1977,37175,34385,
1978,37177,4016,
1979,37179,239859,
1980,37181,44535,
1981,37183,1111761,2020-03-16
1982,37185,19731,
1983,37187,11580,
1984,37189,56177,
1985,37191,123131,
1986,37193,68412,
1987,37195,81801,
1988,37197,37667,
1989,37199,18069,
1990,38001,2216,
1991,38003,10415,
1992,38005,6832,
1993,38007,928,
1994,38009,6282,
1995,38011,3024,
1996,38013,2115,
1997,38015,95626,
1998,38017,181923,
1999,38019,3762,
2000,38021,4872,
2001,38023,2264,
2002,38025,4424,
2003,38027,2287,
2004,38029,3241,
2005,38031,3210,
2006,38033,1761,
2007,38035,69451,
2008,38037,2274,
2009,38039,2231,
2010,38041,2499,
2011,38043,2480,
2012,38045,4046,
2013,38047,1850,
2014,38049,5745,
2015,38051,2497,
2016,38053,15024,
2017,38055,9450,
2018,38057,8187,
2019,38059,31364,
2020,38061,10545,
2021,38063,2879,
2022,38065,1959,
2023,38067,6801,
2024,38069,3975,
2025,38071,11519,
2026,38073,5218,
2027,38075,2327,
2028,38077,16177,
2029,38079,14176,
2030,38081,3898,
2031,38083,1315,
2032,38085,4230,
2033,38087,750,
2034,38089,31489,
2035,38091,1890,
2036,38093,20704,
2037,38095,2189,
2038,38097,8036,
2039,38099,10641,
2040,38101,67641,
2041,38103,3834,
2042,38105,37589,
2043,39001,27698,
2044,39003,102351,
2045,39005,53484,
2046,39007,97241,
2047,39009,65327,
2048,39011,45656,
2049,39013,67006,
2050,39015,43432,
2051,39017,383134,
2052,39019,26914,
2053,39021,38885,
2054,39023,134083,
2055,39025,206428,
2056,39027,41968,
2057,39029,101883,
2058,39031,36600,
2059,39033,41494,
2060,39035,1235072,2020-03-17
2061,39037,51113,
2062,39039,38087,
2063,39041,209177,
2064,39043,74266,
2065,39045,157574,
2066,39047,28525,
2067,39049,1316756,2020-03-17
2068,39051,42126,
2069,39053,29898,
2070,39055,93649,
2071,39057,168937,
2072,39059,38875,
2073,39061,817473,2020-03-17
2074,39063,75783,
2075,39065,31365,
2076,39067,15040,
2077,39069,27006,
2078,39071,43161,
2079,39073,28264,
2080,39075,43960,
2081,39077,58266,
2082,39079,32413,
2083,39081,65325,
2084,39083,62322,
2085,39085,230149,
2086,39087,59463,
2087,39089,176862,
2088,39091,45672,
2089,39093,309833,2020-03-17
2090,39095,428348,2020-03-17
2091,39097,44731,
2092,39099,228683,2020-03-17
2093,39101,65093,
2094,39103,179746,
2095,39105,22907,
2096,39107,41172,
2097,39109,106987,
2098,39111,13654,
2099,39113,531687,2020-03-17
2100,39115,14508,
2101,39117,35328,
2102,39119,86215,
2103,39121,14424,
2104,39123,40525,
2105,39125,18672,
2106,39127,36134,
2107,39129,58457,
2108,39131,27772,
2109,39133,162466,2020-03-17
2110,39135,40882,
2111,39137,33861,
2112,39139,121154,
2113,39141,76666,
2114,39143,58518,
2115,39145,75314,
2116,39147,55178,
2117,39149,48590,
2118,39151,370606,2020-03-17
2119,39153,541013,2020-03-17
2120,39155,197974,2020-03-17
2121,39157,91987,
2122,39159,58988,
2123,39161,28275,
2124,39163,13085,
2125,39165,234602,
2126,39167,59911,
2127,39169,115710,
2128,39171,36692,
2129,39173,130817,
2130,39175,21772,
2131,40001,22194,
2132,40003,5702,
2133,40005,13758,
2134,40007,5311,
2135,40009,21859,
2136,40011,9429,
2137,40013,47995,
2138,40015,28762,
2139,40017,148306,
2140,40019,48111,
2141,40021,48657,
2142,40023,14672,
2143,40025,2137,
2144,40027,284014,2020-03-17
2145,40029,5495,
2146,40031,120749,
2147,40033,5666,
2148,40035,14142,
2149,40037,71522,
2150,40039,29003,
2151,40041,43009,
2152,40043,4891,
2153,40045,3859,
2154,40047,61056,
2155,40049,27711,
2156,40051,55834,
2157,40053,4333,
2158,40055,5712,
2159,40057,2653,
2160,40059,3688,
2161,40061,12627,
2162,40063,13279,
2163,40065,24530,
2164,40067,6002,
2165,40069,11085,
2166,40071,43538,
2167,40073,15765,
2168,40075,8708,
2169,40077,10073,
2170,40079,49853,
2171,40081,34877,
2172,40083,48011,
2173,40085,10253,
2174,40087,40474,
2175,40089,32832,
2176,40091,19596,
2177,40093,7629,
2178,40095,16931,
2179,40097,41100,
2180,40099,14073,
2181,40101,67997,
2182,40103,11131,
2183,40105,10076,
2184,40107,11993,
2185,40109,797434,2020-03-17
2186,40111,38465,
2187,40113,46963,
2188,40115,31127,
2189,40117,16376,
2190,40119,81784,
2191,40121,43654,
2192,40123,38284,
2193,40125,72592,
2194,40127,11096,
2195,40129,3583,
2196,40131,92459,
2197,40133,24258,
2198,40135,41569,
2199,40137,43143,
2200,40139,19983,
2201,40141,7250,
2202,40143,651552,2020-03-16
2203,40145,81289,
2204,40147,51527,
2205,40149,10916,
2206,40151,8793,
2207,40153,20211,
2208,41001,16124,
2209,41003,93053,
2210,41005,418187,2020-03-16
2211,41007,40224,
2212,41009,52354,
2213,41011,64487,
2214,41013,24404,
2215,41015,22925,
2216,41017,197692,
2217,41019,110980,
2218,41021,1912,
2219,41023,7199,
2220,41025,7393,
2221,41027,23382,
2222,41029,220944,
2223,41031,24658,
2224,41033,87487,
2225,41035,68238,
2226,41037,7869,
2227,41039,382067,
2228,41041,49962,
2229,41043,129749,
2230,41045,30571,
2231,41047,347818,2020-03-12
2232,41049,11603,
2233,41051,812855,2020-03-16
2234,41053,86085,
2235,41055,1780,
2236,41057,27036,
2237,41059,77950,
2238,41061,26835,
2239,41063,7208,
2240,41065,26682,
2241,41067,601592,2020-03-16
2242,41069,1332,
2243,41071,107100,
2244,42001,103009,
2245,42003,1216045,2020-03-16
2246,42005,64735,
2247,42007,163929,2020-03-16
2248,42009,47888,
2249,42011,421164,2020-03-16
2250,42013,121829,
2251,42015,60323,
2252,42017,628270,2020-03-15
2253,42019,187853,2020-03-16
2254,42021,130192,
2255,42023,4447,
2256,42025,64182,
2257,42027,162385,
2258,42029,524989,2020-03-16
2259,42031,38438,
2260,42033,79255,
2261,42035,38632,
2262,42037,64964,
2263,42039,84629,
2264,42041,253370,
2265,42043,278299,2020-03-16
2266,42045,566747,2020-03-14
2267,42047,29910,
2268,42049,269728,
2269,42051,129274,
2270,42053,7247,
2271,42055,155027,
2272,42057,14530,
2273,42059,36233,
2274,42061,45144,
2275,42063,84073,
2276,42065,43425,
2277,42067,24763,
2278,42069,209674,2020-03-16
2279,42071,545724,2020-03-16
2280,42073,85512,
2281,42075,141793,2020-03-16
2282,42077,369318,2020-03-16
2283,42079,317417,2020-03-16
2284,42081,113299,
2285,42083,40625,
2286,42085,109424,
2287,42087,46138,
2288,42089,170271,2020-03-16
2289,42091,830915,2020-03-13
2290,42093,18230,
2291,42095,305285,2020-03-16
2292,42097,90843,
2293,42099,46272,
2294,42101,1584064,2020-03-16
2295,42103,55809,2020-03-16
2296,42105,16526,
2297,42107,141359,2020-03-16
2298,42109,40372,
2299,42111,73447,
2300,42113,6066,
2301,42115,40328,
2302,42117,40591,
2303,42119,44923,
2304,42121,50668,
2305,42123,39191,
2306,42125,206865,
2307,42127,51361,
2308,42129,348899,2020-03-16
2309,42131,26794,
2310,42133,449058,2020-03-16
2311,44001,48479,
2312,44003,164292,
2313,44005,82082,
2314,44007,638931,2020-03-16
2315,44009,125577,
2316,45001,24527,
2317,45003,170872,
2318,45005,8688,
2319,45007,202558,
2320,45009,14066,
2321,45011,20866,
2322,45013,192122,2020-03-16
2323,45015,227907,
2324,45017,14553,
2325,45019,411406,2020-03-16
2326,45021,57300,
2327,45023,32244,
2328,45025,45650,
2329,45027,33745,
2330,45029,37677,
2331,45031,66618,
2332,45033,30479,
2333,45035,162809,
2334,45037,27260,
2335,45039,22347,
2336,45041,138293,
2337,45043,62680,
2338,45045,523542,2020-03-16
2339,45047,70811,
2340,45049,19222,
2341,45051,354081,
2342,45053,30073,
2343,45055,66551,2020-03-16
2344,45057,98012,
2345,45059,67493,
2346,45061,16828,
2347,45063,298750,2020-03-16
2348,45065,9463,
2349,45067,30657,
2350,45069,26118,
2351,45071,38440,
2352,45073,79546,
2353,45075,86175,
2354,45077,126884,
2355,45079,415759,2020-03-16
2356,45081,20473,
2357,45083,319785,
2358,45085,106721,
2359,45087,27316,
2360,45089,30368,
2361,45091,280979,2020-03-16
2362,46003,2751,
2363,46005,18453,
2364,46007,3365,
2365,46009,6901,
2366,46011,35077,
2367,46013,38839,
2368,46015,5297,
2369,46017,1962,
2370,46019,10429,
2371,46021,1376,
2372,46023,9292,
2373,46025,3736,
2374,46027,14070,
2375,46029,28009,
2376,46031,4086,
2377,46033,8972,
2378,46035,19775,
2379,46037,5424,
2380,46039,4351,
2381,46041,5892,
2382,46043,2921,
2383,46045,3829,
2384,46047,6713,
2385,46049,2299,
2386,46051,7052,
2387,46053,4185,
2388,46055,1899,
2389,46057,6164,
2390,46059,3191,
2391,46061,3453,
2392,46063,1298,
2393,46065,17526,
2394,46067,7291,
2395,46069,1301,
2396,46071,3344,
2397,46073,2013,
2398,46075,903,
2399,46077,4939,
2400,46079,12797,
2401,46081,25844,
2402,46083,61128,
2403,46085,3781,
2404,46087,5586,
2405,46089,2379,
2406,46091,4935,
2407,46093,28332,
2408,46095,2061,
2409,46097,2216,
2410,46099,193134,2020-03-16
2411,46101,6576,
2412,46102,14177,
2413,46103,113775,
2414,46105,2865,
2415,46107,2153,
2416,46109,10394,
2417,46111,2344,
2418,46115,6376,
2419,46117,3098,
2420,46119,1391,
2421,46121,10177,
2422,46123,5441,
2423,46125,8384,
2424,46127,15932,
2425,46129,5435,
2426,46135,22814,
2427,46137,2756,
2428,47001,76978,
2429,47003,49713,
2430,47005,16160,
2431,47007,15064,
2432,47009,133088,
2433,47011,108110,
2434,47013,39842,
2435,47015,14678,
2436,47017,27767,
2437,47019,56391,
2438,47021,40667,
2439,47023,17297,
2440,47025,31959,
2441,47027,7615,
2442,47029,36004,
2443,47031,56520,
2444,47033,14230,
2445,47035,60520,
2446,47037,694144,2020-03-12
2447,47039,11663,
2448,47041,20490,
2449,47043,53948,
2450,47045,37159,
2451,47047,41133,
2452,47049,18523,
2453,47051,42208,
2454,47053,49133,
2455,47055,29464,
2456,47057,23320,
2457,47059,69069,
2458,47061,13427,
2459,47063,64934,
2460,47065,367804,
2461,47067,6620,
2462,47069,25050,
2463,47071,25652,
2464,47073,56786,
2465,47075,17304,
2466,47077,28117,
2467,47079,32345,
2468,47081,25178,
2469,47083,8201,
2470,47085,18582,
2471,47087,11786,
2472,47089,54495,
2473,47091,17788,
2474,47093,470313,2020-03-16
2475,47095,7016,
2476,47097,25633,
2477,47099,44142,
2478,47101,12268,
2479,47103,34366,
2480,47105,54068,
2481,47107,53794,
2482,47109,25694,
2483,47111,24602,
2484,47113,97984,
2485,47115,28907,
2486,47117,34375,
2487,47119,96387,
2488,47121,12422,
2489,47123,46545,
2490,47125,208993,
2491,47127,6488,
2492,47129,21403,
2493,47131,30069,
2494,47133,22241,
2495,47135,8076,
2496,47137,5048,
2497,47139,16832,
2498,47141,80245,
2499,47143,33167,
2500,47145,53382,
2501,47147,71813,
2502,47149,332285,2020-03-16
2503,47151,22068,
2504,47153,15026,
2505,47155,98250,
2506,47157,937166,2020-03-13
2507,47159,20157,
2508,47161,13715,
2509,47163,158348,
2510,47165,191283,2020-03-16
2511,47167,61599,
2512,47169,11284,
2513,47171,17883,
2514,47173,19972,
2515,47175,5872,
2516,47177,41277,
2517,47179,129375,
2518,47181,16673,
2519,47183,33328,
2520,47185,27345,
2521,47187,238412,2020-03-16
2522,47189,144657,2020-03-16
2523,48001,57735,
2524,48003,18705,
2525,48005,86715,
2526,48007,23510,
2527,48009,8553,
2528,48011,1887,
2529,48013,51153,
2530,48015,30032,
2531,48017,7000,
2532,48019,23112,
2533,48021,88723,
2534,48023,3509,
2535,48025,32565,
2536,48027,362924,
2537,48029,2003554,2020-03-13
2538,48031,11931,
2539,48033,654,
2540,48035,18685,
2541,48037,93245,
2542,48039,374264,2020-03-20
2543,48041,229211,2020-03-20
2544,48043,9203,
2545,48045,1546,
2546,48047,7093,
2547,48049,37864,
2548,48051,18443,
2549,48053,48155,
2550,48055,43664,
2551,48057,21290,
2552,48059,13943,
2553,48061,423163,
2554,48063,13094,
2555,48065,5926,
2556,48067,30026,
2557,48069,7530,
2558,48071,43837,
2559,48073,52646,
2560,48075,7306,
2561,48077,10471,
2562,48079,2853,
2563,48081,3387,
2564,48083,8175,
2565,48085,1034730,2020-03-16
2566,48087,2920,
2567,48089,21493,
2568,48091,156209,
2569,48093,13635,
2570,48095,2726,
2571,48097,41257,
2572,48099,75951,
2573,48101,1398,
2574,48103,4797,
2575,48105,3464,
2576,48107,5737,
2577,48109,2171,
2578,48111,7287,
2579,48113,2635516,2020-03-16
2580,48115,12728,
2581,48117,18546,
2582,48119,5331,
2583,48121,887207,2020-03-20
2584,48123,20160,
2585,48125,2211,
2586,48127,10124,
2587,48129,3278,
2588,48131,11157,
2589,48133,18360,
2590,48135,166223,
2591,48137,1932,
2592,48139,184826,
2593,48141,839238,2020-03-20
2594,48143,42698,
2595,48145,17297,
2596,48147,35514,
2597,48149,25346,
2598,48151,3830,
2599,48153,5712,
2600,48155,1155,
2601,48157,811688,2020-03-16
2602,48159,10725,
2603,48161,19717,
2604,48163,20306,
2605,48165,21492,
2606,48167,342139,2020-03-16
2607,48169,6229,
2608,48171,26988,
2609,48173,1409,
2610,48175,7658,
2611,48177,20837,
2612,48179,21886,
2613,48181,136212,
2614,48183,123945,
2615,48185,28880,
2616,48187,166847,
2617,48189,33406,
2618,48191,2964,
2619,48193,8461,
2620,48195,5399,
2621,48197,3933,
2622,48199,57602,
2623,48201,4713325,2020-03-20
2624,48203,66553,
2625,48205,5576,
2626,48207,5658,
2627,48209,230191,
2628,48211,3819,
2629,48213,82737,
2630,48215,868707,2020-03-20
2631,48217,36649,
2632,48219,23021,
2633,48221,61643,
2634,48223,37084,
2635,48225,22968,
2636,48227,36664,
2637,48229,4886,
2638,48231,98594,
2639,48233,20938,
2640,48235,1536,
2641,48237,8935,
2642,48239,14760,
2643,48241,35529,
2644,48243,2274,
2645,48245,251565,
2646,48247,5200,
2647,48249,40482,
2648,48251,175817,
2649,48253,20083,
2650,48255,15601,
2651,48257,136154,
2652,48259,47431,
2653,48261,404,
2654,48263,762,
2655,48265,52600,
2656,48267,4337,
2657,48269,272,
2658,48271,3667,
2659,48273,30680,
2660,48275,3664,
2661,48277,49859,
2662,48279,12893,
2663,48281,21428,
2664,48283,7520,
2665,48285,20154,
2666,48287,17239,
2667,48289,17404,
2668,48291,88219,
2669,48293,23437,
2670,48295,3233,
2671,48297,12207,
2672,48299,21795,
2673,48301,169,
2674,48303,310569,2020-03-20
2675,48305,5951,
2676,48307,7984,
2677,48309,256623,
2678,48311,743,
2679,48313,14284,
2680,48315,9854,
2681,48317,5771,
2682,48319,4274,
2683,48321,36643,
2684,48323,58722,
2685,48325,51584,
2686,48327,2138,
2687,48329,176832,
2688,48331,24823,
2689,48333,4873,
2690,48335,8545,
2691,48337,19818,
2692,48339,607391,2020-03-20
2693,48341,20940,
2694,48343,12388,
2695,48345,1200,
2696,48347,65204,
2697,48349,50113,
2698,48351,13595,
2699,48353,14714,
2700,48355,362294,
2701,48357,9836,
2702,48359,2112,
2703,48361,83396,
2704,48363,29189,
2705,48365,23194,
2706,48367,142878,
2707,48369,9605,
2708,48371,15823,
2709,48373,51353,
2710,48375,117415,
2711,48377,6704,
2712,48379,12514,
2713,48381,137713,
2714,48383,3849,
2715,48385,3452,
2716,48387,12023,
2717,48389,15976,
2718,48391,6948,
2719,48393,854,
2720,48395,17074,
2721,48397,104915,
2722,48399,10264,
2723,48401,54406,
2724,48403,10542,
2725,48405,8237,
2726,48407,28859,
2727,48409,66730,
2728,48411,6055,
2729,48413,2793,
2730,48415,16703,
2731,48417,3265,
2732,48419,25274,
2733,48421,3022,
2734,48423,232751,
2735,48425,9128,
2736,48427,64633,
2737,48429,9366,
2738,48431,1291,
2739,48433,1350,
2740,48435,3776,
2741,48437,7397,
2742,48439,2102515,2020-03-16
2743,48441,138034,
2744,48443,776,
2745,48445,12337,
2746,48447,1501,
2747,48449,32750,
2748,48451,119200,
2749,48453,1273954,2020-03-13
2750,48455,14651,
2751,48457,21672,
2752,48459,41753,
2753,48461,3657,
2754,48463,26741,
2755,48465,49025,
2756,48467,56590,
2757,48469,92084,
2758,48471,72971,
2759,48473,55246,
2760,48475,11998,
2761,48477,35882,
2762,48479,276652,2020-03-20
2763,48481,41556,
2764,48483,5056,
2765,48485,132230,
2766,48487,12769,
2767,48489,21358,
2768,48491,590551,
2769,48493,51070,
2770,48495,8010,
2771,48497,69984,
2772,48499,45539,
2773,48501,8713,
2774,48503,18010,
2775,48505,14179,
2776,48507,11840,
2777,49001,6710,
2778,49003,56046,
2779,49005,128289,
2780,49007,20463,
2781,49009,950,
2782,49011,355481,2020-03-13
2783,49013,19938,
2784,49015,10012,
2785,49017,5051,
2786,49019,9754,
2787,49021,54839,
2788,49023,12017,
2789,49025,7886,
2790,49027,13188,
2791,49029,12124,
2792,49031,1479,
2793,49033,2483,
2794,49035,1160437,2020-03-16
2795,49037,15308,
2796,49039,30939,
2797,49041,21620,
2798,49043,42145,2020-03-16
2799,49045,72259,
2800,49047,35734,
2801,49049,636235,2020-03-16
2802,49051,34091,
2803,49053,177556,
2804,49055,2711,
2805,49057,260213,
2806,50001,36777,
2807,50003,35470,
2808,50005,29993,
2809,50007,163774,2020-03-18
2810,50009,6163,
2811,50011,49402,
2812,50013,7235,
2813,50015,25362,
2814,50017,28892,
2815,50019,27037,
2816,50021,58191,
2817,50023,58409,
2818,50025,42222,
2819,50027,55062,
2820,51001,32316,
2821,51003,109330,
2822,51005,14860,
2823,51007,13145,
2824,51009,31605,
2825,51011,15911,
2826,51013,236842,2020-03-13
2827,51015,75558,
2828,51017,4147,
2829,51019,78997,
2830,51021,6280,
2831,51023,33419,
2832,51025,16231,
2833,51027,21004,
2834,51029,17148,
2835,51031,54885,
2836,51033,30725,
2837,51035,29791,
2838,51036,6963,
2839,51037,11880,
2840,51041,352802,2020-03-13
2841,51043,14619,
2842,51045,5131,
2843,51047,52605,
2844,51049,9932,
2845,51051,14318,
2846,51053,28544,
2847,51057,10953,
2848,51059,1147532,2020-03-13
2849,51061,71222,
2850,51063,15749,
2851,51065,27270,
2852,51067,56042,
2853,51069,89313,
2854,51071,16720,
2855,51073,37348,
2856,51075,23753,
2857,51077,15550,
2858,51079,19819,
2859,51081,11336,
2860,51083,33911,
2861,51085,107766,
2862,51087,330818,2020-03-13
2863,51089,50557,
2864,51091,2190,
2865,51093,37109,
2866,51095,76523,2020-03-13
2867,51097,7025,
2868,51099,26836,
2869,51101,17148,
2870,51103,10603,
2871,51105,23423,
2872,51107,413538,2020-03-12
2873,51109,37591,
2874,51111,12196,
2875,51113,13261,
2876,51115,8834,
2877,51117,30587,
2878,51119,10582,
2879,51121,98535,
2880,51125,14930,
2881,51127,23091,
2882,51131,11710,
2883,51133,12095,
2884,51135,15232,
2885,51137,37051,
2886,51139,23902,
2887,51141,17608,
2888,51143,60354,
2889,51145,29652,
2890,51147,22802,
2891,51149,38353,
2892,51153,470335,2020-03-13
2893,51155,34027,
2894,51157,7370,
2895,51159,9023,
2896,51161,94186,
2897,51163,22573,
2898,51165,81948,
2899,51167,26586,
2900,51169,21566,
2901,51171,43616,
2902,51173,30104,
2903,51175,17631,
2904,51177,136215,
2905,51179,152882,
2906,51181,6422,
2907,51183,11159,
2908,51185,40595,
2909,51187,40164,
2910,51191,53740,
2911,51193,18015,
2912,51195,37383,
2913,51197,28684,
2914,51199,68280,
2915,51510,159428,
2916,51520,16762,
2917,51530,6478,
2918,51540,47266,
2919,51550,244835,
2920,51570,17370,
2921,51580,5538,
2922,51590,40044,
2923,51595,5346,
2924,51600,24019,
2925,51610,14617,
2926,51620,7967,
2927,51630,29036,
2928,51640,6347,
2929,51650,134510,
2930,51660,53016,
2931,51670,22529,
2932,51678,7446,
2933,51680,82168,
2934,51683,41085,
2935,51685,17478,
2936,51690,12554,
2937,51700,179225,
2938,51710,242742,
2939,51720,3981,
2940,51730,31346,
2941,51735,12271,
2942,51740,94398,
2943,51750,18249,
2944,51760,230436,2020-03-13
2945,51770,99143,
2946,51775,25301,
2947,51790,24932,
2948,51800,92108,
2949,51810,449974,2020-03-13
2950,51820,22630,
2951,51830,14954,
2952,51840,28078,
2953,53001,19983,
2954,53003,22582,
2955,53005,204390,2020-03-13
2956,53007,77200,
2957,53009,77331,
2958,53011,488241,2020-03-13
2959,53013,3985,
2960,53015,110593,
2961,53017,43429,
2962,53019,7627,
2963,53021,95222,
2964,53023,2225,
2965,53025,97733,
2966,53027,75061,
2967,53029,85141,2020-03-13
2968,53031,32221,
2969,53033,2252782,2020-03-12
2970,53035,271473,2020-03-13
2971,53037,47935,
2972,53039,22425,
2973,53041,80707,
2974,53043,10939,
2975,53045,66768,
2976,53047,42243,
2977,53049,22471,
2978,53051,13724,
2979,53053,904980,2020-03-13
2980,53055,17582,
2981,53057,129205,2020-03-13
2982,53059,12083,
2983,53061,822083,2020-03-13
2984,53063,522798,2020-03-13
2985,53065,45723,
2986,53067,290536,
2987,53069,4488,
2988,53071,60760,
2989,53073,229247,2020-03-13
2990,53075,50104,
2991,53077,250873,2020-03-13
2992,54001,16441,
2993,54003,119171,
2994,54005,21457,
2995,54007,13957,
2996,54009,21939,
2997,54011,91945,
2998,54013,7109,
2999,54015,8508,
3000,54017,8448,
3001,54019,42406,
3002,54021,7823,
3003,54023,11568,
3004,54025,34662,
3005,54027,23175,
3006,54029,28810,
3007,54031,13776,
3008,54033,67256,
3009,54035,28576,
3010,54037,57146,
3011,54039,178124,
3012,54041,15907,
3013,54043,20409,
3014,54045,32019,
3015,54047,17624,
3016,54049,56072,
3017,54051,30531,
3018,54053,26516,
3019,54055,58758,
3020,54057,26868,
3021,54059,23424,
3022,54061,105612,
3023,54063,13275,
3024,54065,17884,
3025,54067,24496,
3026,54069,41411,
3027,54071,6969,
3028,54073,7460,
3029,54075,8247,
3030,54077,33432,
3031,54079,56450,
3032,54081,73361,
3033,54083,28695,
3034,54085,9554,
3035,54087,13688,
3036,54089,12573,
3037,54091,16695,
3038,54093,6839,
3039,54095,8591,
3040,54097,24176,
3041,54099,39402,
3042,54101,8114,
3043,54103,15065,
3044,54105,5821,
3045,54107,83518,
3046,54109,20394,
3047,55001,20220,
3048,55003,15562,
3049,55005,45244,
3050,55007,15036,
3051,55009,264542,
3052,55011,13031,
3053,55013,15414,
3054,55015,50089,
3055,55017,64658,
3056,55019,34774,
3057,55021,57532,
3058,55023,16131,
3059,55025,546695,2020-03-18
3060,55027,87839,
3061,55029,27668,
3062,55031,43150,
3063,55033,45368,
3064,55035,104646,
3065,55037,4295,
3066,55039,103403,
3067,55041,9004,
3068,55043,51439,
3069,55045,36960,
3070,55047,18913,
3071,55049,23678,
3072,55051,5687,
3073,55053,20643,
3074,55055,84769,
3075,55057,26687,
3076,55059,169561,2020-03-18
3077,55061,20434,
3078,55063,118016,
3079,55065,16665,
3080,55067,19189,
3081,55069,27593,
3082,55071,78981,
3083,55073,135692,
3084,55075,40350,
3085,55077,15574,
3086,55078,4556,
3087,55079,945726,2020-03-18
3088,55081,46253,
3089,55083,37930,
3090,55085,35595,
3091,55087,187885,
3092,55089,89221,
3093,55091,7287,
3094,55093,42754,
3095,55095,43783,
3096,55097,70772,
3097,55099,13351,
3098,55101,196311,
3099,55103,17252,
3100,55105,163354,
3101,55107,14178,
3102,55109,90687,
3103,55111,64442,
3104,55113,16558,
3105,55115,40899,
3106,55117,115340,
3107,55119,20343,
3108,55121,29649,
3109,55123,30822,
3110,55125,22195,
3111,55127,103868,
3112,55129,15720,
3113,55131,136034,
3114,55133,404198,2020-03-16
3115,55135,50990,
3116,55137,24443,
3117,55139,171907,
3118,55141,72999,
3119,56001,38880,
3120,56003,11790,
3121,56005,46341,
3122,56007,14800,
3123,56009,13822,
3124,56011,7584,
3125,56013,39261,
3126,56015,13211,
3127,56017,4413,
3128,56019,8445,
3129,56021,99500,
3130,56023,19830,
3131,56025,79858,
3132,56027,2356,
3133,56029,29194,
3134,56031,8393,
3135,56033,30485,
3136,56035,9831,
3137,56037,42343,
3138,56039,23464,
3139,56041,20226,
3140,56043,7805,
3141,56045,6927,
